"barcodes","celltype_major"
"AAACCCAGTCGAGCTC","T.cells.Om"
"AAACGAACAGTAACGG","Fibroblasts.Om"
"AAAGAACGTACGTAGG","Mesothelial.cells.Om"
"AAAGGATCACAATCTG","Mesothelial.cells.Om"
"AAAGTCCCAGTTGCGC","Fibroblasts.Om"
"AAAGTGAGTCCTATAG","Mesothelial.cells.Om"
"AAATGGAGTTCAAACC","T.cells.Om"
"AACAAAGGTCCCTGTT","Mesothelial.cells.Om"
"AACAACCAGGCTTAGG","T.cells.Om"
"AACAACCGTCCTCCTA","T.cells.Om"
"AACAACCTCTGGGCGT","Mesothelial.cells.Om"
"AACAAGATCGAGTTGT","Mesothelial.cells.Om"
"AACACACGTCGAATTC","Mesothelial.cells.Om"
"AACCAACAGGAAACGA","Mesothelial.cells.Om"
"AACCTGAAGATACAGT","T.cells.Om"
"AACCTTTAGAGTCTGG","Mesothelial.cells.Om"
"AACCTTTAGGCTGAAC","Mesothelial.cells.Om"
"AACGGGAGTGTCATGT","Mesothelial.cells.Om"
"AACGGGATCATTATCC","Fibroblasts.Om"
"AAGAACACAATTCTCT","Mesothelial.cells.Om"
"AAGACTCAGACATCCT","Fibroblasts.Om"
"AAGACTCCAGCTCGGT","T.cells.Om"
"AAGACTCGTTGGAGAC","Mesothelial.cells.Om"
"AAGCATCCATGACAAA","Mesothelial.cells.Om"
"AAGCATCGTCATGGCC","Fibroblasts.Om"
"AAGCGAGTCCATGAGT","Fibroblasts.Om"
"AAGCGTTAGGAGATAG","Mesothelial.cells.Om"
"AAGGAATAGCAAATCA","Mesothelial.cells.Om"
"AAGGAATAGCGAGGAG","Fibroblasts.Om"
"AAGGAATAGGGTTAGC","T.cells.Om"
"AAGGTAAGTACATACC","Mesothelial.cells.Om"
"AATCACGTCCACTAGA","Mesothelial.cells.Om"
"AATCGACTCCACGGGT","Fibroblasts.Om"
"AATGAAGGTGCGAGTA","Fibroblasts.Om"
"AATGACCAGATAGCTA","Fibroblasts.Om"
"AATGGCTCAACTTGGT","Fibroblasts.Om"
"AATGGCTGTCGAGATG","T.cells.Om"
"AATTTCCAGCATTGAA","T.cells.Om"
"ACAACCACAGTTCCAA","Mesothelial.cells.Om"
"ACAAGCTAGCTGAAGC","Mesothelial.cells.Om"
"ACACAGTTCAACCTTT","Mesothelial.cells.Om"
"ACACTGAAGATGGTCG","Mesothelial.cells.Om"
"ACACTGACATGTGGTT","Mesothelial.cells.Om"
"ACAGAAAGTCCGGTGT","Mesothelial.cells.Om"
"ACAGAAATCATGCCCT","Mesothelial.cells.Om"
"ACATCCCTCGGCTGTG","Mesothelial.cells.Om"
"ACATGCACAGGCCTGT","Fibroblasts.Om"
"ACCACAATCCGTAGGC","Mesothelial.cells.Om"
"ACCATTTCAGGTTTAC","Mesothelial.cells.Om"
"ACCCAAAAGTCATTGC","Mesothelial.cells.Om"
"ACCCAAAAGTGCAGCA","Fibroblasts.Om"
"ACCCTTGAGAGCGACT","Mesothelial.cells.Om"
"ACCTACCGTGCGTCGT","T.cells.Om"
"ACCTACCGTTCGTAAC","Fibroblasts.Om"
"ACCTGAAAGCTTTGTG","Mesothelial.cells.Om"
"ACGATCAAGGTCGTGA","Mesothelial.cells.Om"
"ACGGAAGCAACCACAT","Mesothelial.cells.Om"
"ACGGTCGTCGAATCCA","Fibroblasts.Om"
"ACGGTTAGTCAGGCAA","Fibroblasts.Om"
"ACGTAGTTCACATCAG","Mesothelial.cells.Om"
"ACGTTCCCACGTCGTG","Fibroblasts.Om"
"ACTATCTTCGCGGACT","Fibroblasts.Om"
"ACTCTCGGTGCATCTA","Fibroblasts.Om"
"ACTCTCGTCAGACCTA","Fibroblasts.Om"
"ACTCTCGTCTCTTAAC","Fibroblasts.Om"
"ACTGATGTCTCCCTAG","Fibroblasts.Om"
"ACTGCAACAATCCTAG","T.cells.Om"
"ACTGCAAGTGTCCGGT","Mesothelial.cells.Om"
"ACTGTCCCAAAGGCTG","Mesothelial.cells.Om"
"ACTGTCCGTGAGTTTC","Fibroblasts.Om"
"ACTTAGGAGCGCCCAT","T.cells.Om"
"ACTTATCCAGCAGAAC","Fibroblasts.Om"
"ACTTCCGTCGTGGACC","T.cells.Om"
"AGAAATGGTCAGTTTG","Mesothelial.cells.Om"
"AGAAGCGGTACAGAAT","Fibroblasts.Om"
"AGAAGCGTCTCACCCA","Mesothelial.cells.Om"
"AGACAAATCGATTTCT","Mesothelial.cells.Om"
"AGACCCGCAGTGCCTG","T.cells.Om"
"AGAGCAGCACCCAATA","Mesothelial.cells.Om"
"AGAGCCCGTCAGTTTG","Mesothelial.cells.Om"
"AGAGCCCGTCATGACT","T.cells.Om"
"AGATAGATCGCACTCT","Mesothelial.cells.Om"
"AGATCCATCGTCGATA","Mesothelial.cells.Om"
"AGATCGTTCCCGATCT","Mesothelial.cells.Om"
"AGATGAACAATCGTCA","Fibroblasts.Om"
"AGATGAATCTGAGCAT","Fibroblasts.Om"
"AGCATCAAGACCGCCT","Mesothelial.cells.Om"
"AGCCAATGTCTTGCGG","Mesothelial.cells.Om"
"AGCCACGAGGTGATAT","Fibroblasts.Om"
"AGCCAGCCAAGAATAC","Mesothelial.cells.Om"
"AGCGATTTCTCAACGA","Fibroblasts.Om"
"AGCGTATGTATAGGGC","Fibroblasts.Om"
"AGCTACATCACGAACT","T.cells.Om"
"AGCTCAAGTTTGGAAA","Mesothelial.cells.Om"
"AGGAAATAGAGACAAG","Mesothelial.cells.Om"
"AGGCATTAGAGTGGCT","Fibroblasts.Om"
"AGGCCACAGGACAAGA","Mesothelial.cells.Om"
"AGGCCACCACCCTTGT","Mesothelial.cells.Om"
"AGGCCACCAGGAACCA","Mesothelial.cells.Om"
"AGGCCACGTACGCTTA","T.cells.Om"
"AGGCTGCAGGTGCGAT","T.cells.Om"
"AGGGAGTAGGTCCAGA","Fibroblasts.Om"
"AGGGAGTGTCCGCAGT","Mesothelial.cells.Om"
"AGGGCCTAGTCATCCA","Mesothelial.cells.Om"
"AGGGTTTAGGTGGTTG","Mesothelial.cells.Om"
"AGGTTACGTCGGAAAC","T.cells.Om"
"AGGTTACGTTGGGTTT","Mesothelial.cells.Om"
"AGTACCAAGTTCGGTT","Mesothelial.cells.Om"
"AGTAGTCCACTGAATC","Fibroblasts.Om"
"AGTAGTCGTCTGTAGT","Mesothelial.cells.Om"
"AGTCACAGTCCTGAAT","Mesothelial.cells.Om"
"AGTCATGGTTACGTAC","Mesothelial.cells.Om"
"AGTGATCTCGGCTTGG","Mesothelial.cells.Om"
"ATACCGATCTTCCGTG","Mesothelial.cells.Om"
"ATACCTTGTTGGCCTG","Mesothelial.cells.Om"
"ATAGAGAAGCCTATCA","Mesothelial.cells.Om"
"ATAGGCTCAGAAATCA","T.cells.Om"
"ATCACAGCATCTGCGG","Mesothelial.cells.Om"
"ATCCTATAGCTAGCCC","Mesothelial.cells.Om"
"ATCGATGAGAGCATCG","Mesothelial.cells.Om"
"ATCGGATCACCTCGTT","Mesothelial.cells.Om"
"ATCGGATTCAAGGCTT","Mesothelial.cells.Om"
"ATCGTAGGTCAGTCGC","Fibroblasts.Om"
"ATCGTAGTCGACGCGT","Fibroblasts.Om"
"ATGACCATCCATATGG","Fibroblasts.Om"
"ATGAGGGAGAATCGCG","Fibroblasts.Om"
"ATGATCGCATGTGACT","Fibroblasts.Om"
"ATGCGATCAACGGCTC","Mesothelial.cells.Om"
"ATGGAGGCAGGACGAT","T.cells.Om"
"ATGGGAGAGGATTTAG","Mesothelial.cells.Om"
"ATGGGAGAGGTCTGGA","Mesothelial.cells.Om"
"ATTCATCGTCAGCGTC","T.cells.Om"
"ATTCATCGTTAGGCCC","Fibroblasts.Om"
"ATTCCATAGCACTTTG","Mesothelial.cells.Om"
"ATTCCTATCCAGTTCC","Fibroblasts.Om"
"ATTCTACAGATTCGAA","Mesothelial.cells.Om"
"ATTGGGTAGATCCCGC","Mesothelial.cells.Om"
"ATTGGGTGTCAGTCCG","T.cells.Om"
"ATTGGGTTCCCGAGAC","T.cells.Om"
"ATTGTTCGTCATCGCG","Mesothelial.cells.Om"
"ATTTACCCATGCACTA","T.cells.Om"
"CAAAGAACACCAACAT","Fibroblasts.Om"
"CAAAGAATCAACTTTC","Mesothelial.cells.Om"
"CAACCTCTCGGATTAC","Mesothelial.cells.Om"
"CAACGATGTCCACGCA","T.cells.Om"
"CAAGCTAAGACATCAA","Mesothelial.cells.Om"
"CAAGGGATCGGCATAT","Fibroblasts.Om"
"CAATCGAAGGAGGCAG","Mesothelial.cells.Om"
"CAATGACGTTACGATC","Fibroblasts.Om"
"CACAACATCTCACCCA","Mesothelial.cells.Om"
"CACACAACAACTTCTT","Fibroblasts.Om"
"CACACAACATGCCATA","Mesothelial.cells.Om"
"CACAGGCTCATCTACT","T.cells.Om"
"CACATGATCCCATGGG","Mesothelial.cells.Om"
"CACCGTTTCACTTGGA","T.cells.Om"
"CACGAATCAAGCTGTT","Fibroblasts.Om"
"CACGTGGAGGCGAACT","Mesothelial.cells.Om"
"CACGTGGCATGATGCT","Fibroblasts.Om"
"CACTGTCCATGACAAA","Mesothelial.cells.Om"
"CACTTCGTCCTCACCA","Fibroblasts.Om"
"CAGATCATCTACACAG","T.cells.Om"
"CAGCAATTCGGTAGGA","Mesothelial.cells.Om"
"CAGCACGTCATGAAAG","Fibroblasts.Om"
"CAGGGCTCAGCGCGTT","T.cells.Om"
"CAGGTATAGCAGGCAT","Mesothelial.cells.Om"
"CAGTGCGTCTGCATAG","Fibroblasts.Om"
"CAGTTAGGTTTAAGGA","Mesothelial.cells.Om"
"CATAAGCTCTGCTTTA","T.cells.Om"
"CATCAAGGTGATGAAT","Fibroblasts.Om"
"CATCCGTCATCATTTC","Mesothelial.cells.Om"
"CATCGTCGTCATCCGG","Mesothelial.cells.Om"
"CATGAGTGTGTATTGC","Fibroblasts.Om"
"CATGCCTGTTTGTTCT","Mesothelial.cells.Om"
"CATGCGGGTACCAGAG","Mesothelial.cells.Om"
"CATGCGGGTGGCATCC","Mesothelial.cells.Om"
"CATGCTCTCAGGAGAC","Fibroblasts.Om"
"CATGCTCTCGTTCCCA","T.cells.Om"
"CATGGATCAAGTGGAC","Fibroblasts.Om"
"CATGGATTCATGCGGC","Mesothelial.cells.Om"
"CATTCCGAGTAAGGGA","T.cells.Om"
"CATTTCATCGATACGT","T.cells.Om"
"CCAAGCGTCTTCCTAA","Fibroblasts.Om"
"CCACGAGCATAATCGC","T.cells.Om"
"CCACGAGCATCAGTCA","T.cells.Om"
"CCACTTGAGCGAGAAA","T.cells.Om"
"CCATCACCATGACTGT","T.cells.Om"
"CCATCACCATGGGAAC","T.cells.Om"
"CCCAACTGTTCGGTTA","T.cells.Om"
"CCCTGATCAATCTGCA","Fibroblasts.Om"
"CCCTTAGCATGGCACC","T.cells.Om"
"CCGATCTAGATCCTAC","Mesothelial.cells.Om"
"CCGCAAGGTGATACTC","Fibroblasts.Om"
"CCGGTAGGTGAATAAC","Mesothelial.cells.Om"
"CCGTAGGGTGCGCTCA","Mesothelial.cells.Om"
"CCGTGAGTCTCGGTAA","Fibroblasts.Om"
"CCGTTCAGTGCCGTTG","Fibroblasts.Om"
"CCTAACCCAATAGAGT","Mesothelial.cells.Om"
"CCTAAGACAAATCGTC","Mesothelial.cells.Om"
"CCTATCGGTAACCCGC","T.cells.Om"
"CCTATCGGTCTGATCA","T.cells.Om"
"CCTCAACTCTGTTGGA","Fibroblasts.Om"
"CCTGCATCACGGTCTG","Fibroblasts.Om"
"CCTGTTGTCTGCTCTG","T.cells.Om"
"CCTTCAGAGAAGCGCT","T.cells.Om"
"CCTTCAGAGTTGCGCC","Fibroblasts.Om"
"CCTTGTGAGTTCATCG","T.cells.Om"
"CCTTGTGTCGACGTCG","Mesothelial.cells.Om"
"CGAAGGAAGGAAACGA","T.cells.Om"
"CGAAGTTGTCGCTGCA","Mesothelial.cells.Om"
"CGACAGCAGTATGAAC","Mesothelial.cells.Om"
"CGAGTGCAGGCACGAT","Mesothelial.cells.Om"
"CGATGGCCAAAGCACG","Fibroblasts.Om"
"CGCATAACATAATGAG","Mesothelial.cells.Om"
"CGCATGGTCATTCTTG","Fibroblasts.Om"
"CGCATGGTCGAAGCAG","T.cells.Om"
"CGCCATTTCCGTTTCG","Mesothelial.cells.Om"
"CGGAACCCACTCACTC","Fibroblasts.Om"
"CGGGTGTCATTGAGGG","Mesothelial.cells.Om"
"CGGTCAGAGACGGTTG","Mesothelial.cells.Om"
"CGTAATGAGAAATGGG","T.cells.Om"
"CGTAATGAGAAGGCTC","Mesothelial.cells.Om"
"CGTAATGCACATTCTT","T.cells.Om"
"CGTAGTAGTCTTACTT","T.cells.Om"
"CGTCAAATCGCGCCAA","Fibroblasts.Om"
"CGTCCATCATACTTTC","Mesothelial.cells.Om"
"CGTGATACACGCTGAC","Mesothelial.cells.Om"
"CGTTAGAGTACAAGTA","Mesothelial.cells.Om"
"CGTTCTGCACTTGTGA","T.cells.Om"
"CTAAGTGTCGTGTGGC","Mesothelial.cells.Om"
"CTACAGAGTTCTAACG","Mesothelial.cells.Om"
"CTACAGATCGATGGAG","Mesothelial.cells.Om"
"CTACCCACACTTACAG","T.cells.Om"
"CTACCTGTCTCATTGT","Mesothelial.cells.Om"
"CTACCTGTCTTGGCTC","Mesothelial.cells.Om"
"CTACGGGAGATTGTGA","Fibroblasts.Om"
"CTACTATTCGATCCAA","Mesothelial.cells.Om"
"CTATAGGGTGTGGACA","T.cells.Om"
"CTATCCGTCAATCGGT","Mesothelial.cells.Om"
"CTATCTACACTGTCCT","Mesothelial.cells.Om"
"CTATCTAGTAGGTAGC","Mesothelial.cells.Om"
"CTATCTAGTGTAAATG","Mesothelial.cells.Om"
"CTCAACCCATCCGATA","Mesothelial.cells.Om"
"CTCACTGGTTAGGACG","Mesothelial.cells.Om"
"CTCAGGGCACCGTACG","Mesothelial.cells.Om"
"CTCAGTCGTTATCTGG","Fibroblasts.Om"
"CTCAGTCTCCAAGAGG","Mesothelial.cells.Om"
"CTCCACACAGGATCTT","Mesothelial.cells.Om"
"CTCCACAGTTGCATTG","Fibroblasts.Om"
"CTCCCAAAGTACAGAT","Mesothelial.cells.Om"
"CTCCCAATCTAAGGAA","Fibroblasts.Om"
"CTCCCTCAGCTACGTT","Mesothelial.cells.Om"
"CTCCCTCTCTTCGATT","Mesothelial.cells.Om"
"CTCGAGGTCGAAATCC","Mesothelial.cells.Om"
"CTCTCGAGTAGGTCAG","Mesothelial.cells.Om"
"CTCTGGTGTCTCGGGT","Mesothelial.cells.Om"
"CTCTGGTGTTCAGGTT","T.cells.Om"
"CTGAATGTCCAACCGG","Mesothelial.cells.Om"
"CTGAATGTCCACACAA","Mesothelial.cells.Om"
"CTGAGCGCATTGTACG","Mesothelial.cells.Om"
"CTGAGGCTCGACCCAG","Mesothelial.cells.Om"
"CTGATCCGTACTTCCC","Fibroblasts.Om"
"CTGCATCGTATCAAGA","Mesothelial.cells.Om"
"CTGCCATGTGCACAAG","Mesothelial.cells.Om"
"CTGCCATGTGGCTTAT","Mesothelial.cells.Om"
"CTGCCTACAGTCAGAG","Mesothelial.cells.Om"
"CTGGTCTGTATAGGAT","Mesothelial.cells.Om"
"CTGTGAAAGGCTGTAG","Mesothelial.cells.Om"
"CTTACCGTCAGACCGC","Mesothelial.cells.Om"
"CTTAGGATCTAGTCAG","Mesothelial.cells.Om"
"CTTCAATAGGTTGACG","Mesothelial.cells.Om"
"CTTGAGAAGAAGTCTA","Mesothelial.cells.Om"
"CTTGAGATCGCCTAGG","Fibroblasts.Om"
"GAAACCTCACAGTGTT","Mesothelial.cells.Om"
"GAAATGAGTGTTCGTA","Mesothelial.cells.Om"
"GAACACTAGGGTGGGA","Fibroblasts.Om"
"GAACACTAGGTGAGCT","Mesothelial.cells.Om"
"GAACACTGTCTAACTG","Mesothelial.cells.Om"
"GAACGTTTCACAAGGG","T.cells.Om"
"GAAGCGACAGGTCCCA","Mesothelial.cells.Om"
"GAAGGACGTAGCTAAA","Fibroblasts.Om"
"GAAGGACTCGTTCTAT","Mesothelial.cells.Om"
"GAAGGGTAGTCTAGCT","Mesothelial.cells.Om"
"GAAGGGTCACACAGCC","Mesothelial.cells.Om"
"GAAGGGTGTGGTCTTA","Mesothelial.cells.Om"
"GAAGGGTGTTAAGTCC","T.cells.Om"
"GAAGTAACACATGTTG","Mesothelial.cells.Om"
"GAATCACAGTCCGCCA","Mesothelial.cells.Om"
"GACAGCCCAAACTCGT","Fibroblasts.Om"
"GACATCACAAATGGCG","Mesothelial.cells.Om"
"GACATCACAATGCAAA","Mesothelial.cells.Om"
"GACATCACAGCTGAGA","T.cells.Om"
"GACATCAGTATCCCTC","T.cells.Om"
"GACCCTTCAGGTATGG","Mesothelial.cells.Om"
"GACGCTGTCTAGTCAG","Mesothelial.cells.Om"
"GACGTTATCTCTATAC","Mesothelial.cells.Om"
"GACTATGAGACTCTTG","Mesothelial.cells.Om"
"GACTCAAAGCACGGAT","Mesothelial.cells.Om"
"GACTTCCCATCCGATA","Fibroblasts.Om"
"GAGAAATCATAGCACT","Mesothelial.cells.Om"
"GAGACTTAGACGACGT","Mesothelial.cells.Om"
"GAGACTTAGGCCTGAA","Mesothelial.cells.Om"
"GAGATGGCAGGATGAC","Mesothelial.cells.Om"
"GAGGCAAAGTGCACTT","T.cells.Om"
"GAGGCAAGTCTTGAAC","Mesothelial.cells.Om"
"GAGGCCTGTAGATTGA","Mesothelial.cells.Om"
"GAGGGATAGCTGCCAC","Mesothelial.cells.Om"
"GAGGGATGTCCGGCAT","Fibroblasts.Om"
"GAGTCATAGCGAGGAG","Fibroblasts.Om"
"GAGTGAGCAACCGCCA","Mesothelial.cells.Om"
"GAGTTTGTCAAGCCTA","Mesothelial.cells.Om"
"GATAGAACACTACCCT","T.cells.Om"
"GATAGAAGTTGCTTGA","Fibroblasts.Om"
"GATCACAGTAACTTCG","Fibroblasts.Om"
"GATGATCTCGCCTTGT","Fibroblasts.Om"
"GATGATCTCTGAGAAA","Fibroblasts.Om"
"GATGGAGCAAATGCGG","Mesothelial.cells.Om"
"GATTCTTTCAAGGTGG","Mesothelial.cells.Om"
"GATTCTTTCCCGAACG","T.cells.Om"
"GATTGGTTCCATTCAT","Fibroblasts.Om"
"GCACATATCTTCGACC","Mesothelial.cells.Om"
"GCACGGTAGCTTACGT","Fibroblasts.Om"
"GCAGCCAAGATGCTGG","Fibroblasts.Om"
"GCAGCTGTCAATGCAC","Mesothelial.cells.Om"
"GCAGGCTGTCGAAGCA","T.cells.Om"
"GCATCGGAGCTTGTTG","Fibroblasts.Om"
"GCCAACGCAAGGCGTA","T.cells.Om"
"GCCAGCACAACGACTT","Mesothelial.cells.Om"
"GCCAGCACACTATCGA","T.cells.Om"
"GCCAGTGTCTTCGTGC","Mesothelial.cells.Om"
"GCCCGAAAGACATATG","T.cells.Om"
"GCCGATGAGTCAGAGC","Fibroblasts.Om"
"GCCTGTTGTGTACAGG","Mesothelial.cells.Om"
"GCGGAAAGTGTTGCCG","Fibroblasts.Om"
"GCGGATCGTTCTTGCC","Fibroblasts.Om"
"GCGTTTCTCTAAGGAA","Fibroblasts.Om"
"GCTACAAAGATACGAT","Fibroblasts.Om"
"GCTCAAATCGCACGAC","Fibroblasts.Om"
"GCTGCAGCAGCGACCT","Fibroblasts.Om"
"GCTTCACTCCTGGGAC","Mesothelial.cells.Om"
"GCTTTCGTCCCGAATA","Mesothelial.cells.Om"
"GGACGTCAGAACTCCT","Fibroblasts.Om"
"GGACGTCCAACATCGT","Mesothelial.cells.Om"
"GGAGGATGTTCATCTT","Mesothelial.cells.Om"
"GGATGTTAGCGACTTT","Mesothelial.cells.Om"
"GGGAAGTTCGGAGTAG","Fibroblasts.Om"
"GGGACCTAGGAGCTGT","Fibroblasts.Om"
"GGGACTCAGGAATCGC","Fibroblasts.Om"
"GGGAGATAGACGGATC","Mesothelial.cells.Om"
"GGGAGATCAGCATACT","Mesothelial.cells.Om"
"GGGATCCAGAAGGATG","Mesothelial.cells.Om"
"GGGCCATCAAACGTGG","Mesothelial.cells.Om"
"GGGCGTTAGTTGTACC","Fibroblasts.Om"
"GGGCTACAGGCCTTCG","Mesothelial.cells.Om"
"GGGCTACGTTCGGCCA","T.cells.Om"
"GGGTAGATCGGTTCAA","Mesothelial.cells.Om"
"GGGTCACAGGATGGCT","Mesothelial.cells.Om"
"GGGTCACAGGGCCTCT","Mesothelial.cells.Om"
"GGGTCACTCACGAGGA","Mesothelial.cells.Om"
"GGTAACTCAATCGTCA","Mesothelial.cells.Om"
"GGTAACTGTCAGGCAA","Mesothelial.cells.Om"
"GGTAGAGCATGTGCTA","Mesothelial.cells.Om"
"GGTCACGAGAAACTGT","T.cells.Om"
"GGTCTGGCACTCCTTG","Mesothelial.cells.Om"
"GGTCTGGGTCCTCAGG","Fibroblasts.Om"
"GGTGTTAGTGTTTGCA","Mesothelial.cells.Om"
"GGTTAACGTAAGTTGA","T.cells.Om"
"GGTTGTAGTCTCGACG","Mesothelial.cells.Om"
"GTAAGTCTCTGTGCAA","Mesothelial.cells.Om"
"GTAATGCGTCTCGGGT","Mesothelial.cells.Om"
"GTAGAAATCAACTGAC","Mesothelial.cells.Om"
"GTAGAGGAGTAAACTG","Mesothelial.cells.Om"
"GTAGATCAGACGAGCT","Mesothelial.cells.Om"
"GTAGGAGCACTGAGGA","Mesothelial.cells.Om"
"GTATTGGCACTGTTCC","T.cells.Om"
"GTATTTCTCTTCTCAA","Mesothelial.cells.Om"
"GTCATCCCACGAAGAC","Mesothelial.cells.Om"
"GTCATTTTCACGGGCT","Mesothelial.cells.Om"
"GTCCCATTCGTACCTC","Fibroblasts.Om"
"GTCGTAAAGTAGTGCG","Mesothelial.cells.Om"
"GTCTAGAAGCAAGTGC","T.cells.Om"
"GTCTGTCGTCACGCTG","Mesothelial.cells.Om"
"GTCTTTAGTTATGTCG","T.cells.Om"
"GTCTTTATCTCGCCTA","T.cells.Om"
"GTGAGGACAACCGTGC","Mesothelial.cells.Om"
"GTGAGTTCAGGTCCGT","Mesothelial.cells.Om"
"GTGATGTCACAGTACT","T.cells.Om"
"GTGATGTGTGCTTATG","Fibroblasts.Om"
"GTGCACGGTAATGCGG","Fibroblasts.Om"
"GTGCACGTCGACACCG","T.cells.Om"
"GTGCAGCAGGTAGACC","Fibroblasts.Om"
"GTGCTGGGTTCAAAGA","Mesothelial.cells.Om"
"GTGGAAGCATAACTCG","Mesothelial.cells.Om"
"GTGGCGTTCGCCACTT","Mesothelial.cells.Om"
"GTGGTTATCTATTGTC","Fibroblasts.Om"
"GTGTAACCAGAGACTG","Fibroblasts.Om"
"GTGTCCTCACCAGACC","Mesothelial.cells.Om"
"GTGTCCTGTGTGGACA","Mesothelial.cells.Om"
"GTGTTAGAGCAGTCTT","Mesothelial.cells.Om"
"GTTACAGCAAGCGCAA","T.cells.Om"
"GTTACCCGTATTCTCT","T.cells.Om"
"GTTACCCTCGAACACT","Mesothelial.cells.Om"
"GTTACGATCCTCTAGC","Mesothelial.cells.Om"
"GTTAGTGCACCAAAGG","T.cells.Om"
"GTTATGGAGCGCTTCG","Mesothelial.cells.Om"
"GTTCATTAGATGTTCC","Mesothelial.cells.Om"
"GTTGCGGGTAAGACCG","Mesothelial.cells.Om"
"GTTGCTCGTGGTGATG","Mesothelial.cells.Om"
"GTTTGGAGTCTGTGCG","Mesothelial.cells.Om"
"GTTTGGATCTCCGAAA","Mesothelial.cells.Om"
"GTTTGGATCTCGCTCA","T.cells.Om"
"TAACTTCCACCAGTAT","Mesothelial.cells.Om"
"TAACTTCGTACGTGTT","Mesothelial.cells.Om"
"TAATCTCTCTCCGTGT","Mesothelial.cells.Om"
"TAATTCCGTATGTCCA","T.cells.Om"
"TAATTCCTCACTCTTA","Mesothelial.cells.Om"
"TACAGGTCACGGTGCT","T.cells.Om"
"TACAGGTGTTAAGAAC","T.cells.Om"
"TACAGGTTCCTCGCAT","Fibroblasts.Om"
"TACCCACGTATCGTTG","T.cells.Om"
"TACCCACTCCCACAGG","Fibroblasts.Om"
"TACCCACTCTTGATTC","Mesothelial.cells.Om"
"TACCGAAAGTCCGTCG","Mesothelial.cells.Om"
"TACCGAAGTCATATGC","Mesothelial.cells.Om"
"TACCGAATCTGTCAGA","T.cells.Om"
"TACCGGGCACGACTAT","T.cells.Om"
"TACCTCGCAAGTTCGT","T.cells.Om"
"TACCTGCCATAGAGGC","Fibroblasts.Om"
"TACGCTCGTCATGCAT","Mesothelial.cells.Om"
"TACGGGCCAAGCAGGT","T.cells.Om"
"TACTGCCCAGCAGGAT","Fibroblasts.Om"
"TAGCACACAAGATGTA","Mesothelial.cells.Om"
"TAGCACATCCTGGGTG","T.cells.Om"
"TAGGAGGGTACTCGAT","Mesothelial.cells.Om"
"TAGGAGGGTTTGTGGT","T.cells.Om"
"TAGGGTTGTAAGATTG","Mesothelial.cells.Om"
"TATACCTAGCCATTCA","T.cells.Om"
"TATCTGTCAAAGAGTT","Mesothelial.cells.Om"
"TATCTTGTCGCTTGAA","Mesothelial.cells.Om"
"TATGTTCAGAAGAGCA","Mesothelial.cells.Om"
"TATGTTCCAAGTTGGG","Mesothelial.cells.Om"
"TATTGCTCACCGTCTT","Mesothelial.cells.Om"
"TATTGCTTCACTTCTA","Mesothelial.cells.Om"
"TATTGGGGTTGCTCGG","Mesothelial.cells.Om"
"TCAAGACTCAAAGGTA","T.cells.Om"
"TCAAGTGGTCTCAAGT","Mesothelial.cells.Om"
"TCACGGGTCGTTAGTG","T.cells.Om"
"TCACTCGCACGGCGTT","Fibroblasts.Om"
"TCACTCGCAGCTCTGG","Mesothelial.cells.Om"
"TCAGTTTGTTCTCTAT","Mesothelial.cells.Om"
"TCATATCGTGTTGCCG","Mesothelial.cells.Om"
"TCATATCTCACCATGA","Mesothelial.cells.Om"
"TCATCCGGTTATAGAG","Mesothelial.cells.Om"
"TCATTCAAGGATACAT","Mesothelial.cells.Om"
"TCATTCACATATCTCT","T.cells.Om"
"TCCAGAATCCCTCATG","Fibroblasts.Om"
"TCCATCGGTAGCGAGT","Mesothelial.cells.Om"
"TCCATCGTCCACTGGG","Mesothelial.cells.Om"
"TCCATGCAGCGAAACC","Fibroblasts.Om"
"TCCCAGTGTTAAACAG","Fibroblasts.Om"
"TCCGAAAAGACCATGG","Mesothelial.cells.Om"
"TCCGATCAGAAACTAC","Mesothelial.cells.Om"
"TCCGATCGTGCTATTG","T.cells.Om"
"TCCGTGTGTCGCACGT","Mesothelial.cells.Om"
"TCCGTGTTCTGAGGTT","Mesothelial.cells.Om"
"TCCTAATTCGATTTCT","T.cells.Om"
"TCCTCCCAGTTAGTGA","Fibroblasts.Om"
"TCCTCGAGTCAGATTC","Mesothelial.cells.Om"
"TCCTCTTTCCAGTGTA","Mesothelial.cells.Om"
"TCCTGCACATTGAAGA","Fibroblasts.Om"
"TCCTGCAGTTAGGCTT","T.cells.Om"
"TCGACGGGTAACATGA","Mesothelial.cells.Om"
"TCGACGGTCCGCACTT","Mesothelial.cells.Om"
"TCGACGGTCTGAGAGG","T.cells.Om"
"TCGATTTGTTCTCGTC","Mesothelial.cells.Om"
"TCGCTTGAGTGCCAGA","Fibroblasts.Om"
"TCGCTTGCAAAGGCAC","Fibroblasts.Om"
"TCGCTTGGTACCGCGT","Mesothelial.cells.Om"
"TCGGGCATCTGCCTGT","Fibroblasts.Om"
"TCGGGTGCAGATAAAC","T.cells.Om"
"TCGGGTGTCCTGTTAT","Mesothelial.cells.Om"
"TCGTAGACAGCGTGCT","Fibroblasts.Om"
"TCGTGCTTCTCTCAAT","Mesothelial.cells.Om"
"TCTACATAGTGTCATC","Mesothelial.cells.Om"
"TCTATCAAGCCATTGT","Fibroblasts.Om"
"TCTCAGCTCACGAACT","Mesothelial.cells.Om"
"TCTCCGAGTACACGCC","Mesothelial.cells.Om"
"TCTCTGGTCTCGACCT","Mesothelial.cells.Om"
"TCTGCCACAACTGCTA","Mesothelial.cells.Om"
"TCTGTCGCAAGAGAGA","Mesothelial.cells.Om"
"TCTTAGTCAGATTTCG","Mesothelial.cells.Om"
"TCTTAGTTCCTTCGAC","Mesothelial.cells.Om"
"TCTTCCTTCAGAGTGG","Mesothelial.cells.Om"
"TCTTTGAAGCAGCAGT","T.cells.Om"
"TGAATCGCACCTGATA","Mesothelial.cells.Om"
"TGACAGTAGTGATAGT","Fibroblasts.Om"
"TGAGACTAGCTTAAGA","Mesothelial.cells.Om"
"TGAGCATTCATGGCCG","Mesothelial.cells.Om"
"TGAGCATTCCGATCGG","T.cells.Om"
"TGAGCGCTCGAAGCAG","T.cells.Om"
"TGATCAGAGAGTCTGG","Mesothelial.cells.Om"
"TGATCTTTCACCATGA","Mesothelial.cells.Om"
"TGATTCTGTACCAATC","Mesothelial.cells.Om"
"TGATTTCAGGGCAACT","Mesothelial.cells.Om"
"TGCACGGCACGCAAAG","Fibroblasts.Om"
"TGCAGATCATGAAGGC","T.cells.Om"
"TGCAGGCGTCCTATAG","T.cells.Om"
"TGCAGGCTCAGTGTTG","T.cells.Om"
"TGCATCCAGTTCCAGT","Mesothelial.cells.Om"
"TGCGGCACACTGGAAG","Mesothelial.cells.Om"
"TGCGGCATCTGGGCAC","Fibroblasts.Om"
"TGCTCGTTCCAACTGA","Fibroblasts.Om"
"TGCTGAATCTATCGGA","Mesothelial.cells.Om"
"TGCTTCGGTCACTACA","Mesothelial.cells.Om"
"TGCTTCGGTCCTGAAT","T.cells.Om"
"TGCTTCGGTTGGTAGG","Mesothelial.cells.Om"
"TGCTTGCCACTCAAGT","T.cells.Om"
"TGGAACTCATTCTTCA","Fibroblasts.Om"
"TGGAGAGAGGGTGAGG","Mesothelial.cells.Om"
"TGGATCAAGACGCAGT","Fibroblasts.Om"
"TGGCGTGGTGATGTAA","Mesothelial.cells.Om"
"TGGGAAGCAGAGAGGG","Mesothelial.cells.Om"
"TGGGATTAGGACGCTA","Mesothelial.cells.Om"
"TGGGCTGAGATACGAT","Mesothelial.cells.Om"
"TGGGCTGTCCTACAAG","Fibroblasts.Om"
"TGGGTTAAGTTTGCTG","T.cells.Om"
"TGGTACAAGTCTCTGA","T.cells.Om"
"TGGTAGTGTCGTTTCC","T.cells.Om"
"TGGTTAGAGTGCACTT","T.cells.Om"
"TGTAACGGTTAGGGAC","T.cells.Om"
"TGTAAGCCAAACTCGT","Fibroblasts.Om"
"TGTAAGCCAACCGCTG","Fibroblasts.Om"
"TGTAGACAGCGGGTAT","T.cells.Om"
"TGTCAGATCATCTATC","Fibroblasts.Om"
"TGTCCACGTATCGGTT","Mesothelial.cells.Om"
"TGTCCTGTCCGCACGA","T.cells.Om"
"TGTGCGGGTTTACTTC","T.cells.Om"
"TGTGCGGTCCATGCAA","Mesothelial.cells.Om"
"TGTGGCGGTGGCAGAT","T.cells.Om"
"TGTTACTAGGCTCCCA","Mesothelial.cells.Om"
"TGTTACTAGTTGCGCC","T.cells.Om"
"TGTTCATAGGACAAGA","Mesothelial.cells.Om"
"TGTTCTACAAATAAGC","T.cells.Om"
"TGTTTGTAGCTAATCC","Mesothelial.cells.Om"
"TTACCATCATATTCGG","Mesothelial.cells.Om"
"TTACCGCCAGTTCTAG","Mesothelial.cells.Om"
"TTACCGCGTGGTCCCA","Mesothelial.cells.Om"
"TTACGTTAGCTGTTCA","T.cells.Om"
"TTAGGCACACATAGCT","Mesothelial.cells.Om"
"TTAGTCTAGTGGATAT","T.cells.Om"
"TTAGTCTTCCACGTAA","Mesothelial.cells.Om"
"TTAGTCTTCCGAAATC","T.cells.Om"
"TTATTGCCAGATACTC","Mesothelial.cells.Om"
"TTCACGCCACTGAGGA","Mesothelial.cells.Om"
"TTCAGGACACCTGCGA","T.cells.Om"
"TTCATGTGTAACTGCT","Mesothelial.cells.Om"
"TTCCGTGAGCAACAGC","Fibroblasts.Om"
"TTCCTAACAACTCATG","T.cells.Om"
"TTCCTAATCTTGGTCC","Mesothelial.cells.Om"
"TTCGATTCAGCAGTTT","Mesothelial.cells.Om"
"TTCGCTGGTTCTGACA","Mesothelial.cells.Om"
"TTCTAACCACCTTCCA","Fibroblasts.Om"
"TTCTAACTCTCGTCAC","T.cells.Om"
"TTCTGTAAGGCTTAAA","Fibroblasts.Om"
"TTGACCCAGGGAGGGT","T.cells.Om"
"TTGAGTGCACTAACCA","Fibroblasts.Om"
"TTGCATTAGGCTAACG","T.cells.Om"
"TTGCTGCGTTGGGATG","Fibroblasts.Om"
"TTGTGGACAGGGTTGA","Mesothelial.cells.Om"
"TTGTTCAAGGGATCAC","Mesothelial.cells.Om"
"TTGTTCACAACCCGCA","Mesothelial.cells.Om"
"TTGTTCAGTCATGCAT","Fibroblasts.Om"
"TTGTTCATCATTCGTT","Fibroblasts.Om"
"TTTACCAAGCGCCTAC","Mesothelial.cells.Om"
"TTTACGTCACAGCGCT","Mesothelial.cells.Om"
"TTTATGCCAAGCTCTA","Fibroblasts.Om"
"TTTATGCCATCTAACG","T.cells.Om"
"TTTCACATCTCAAAGC","Fibroblasts.Om"
"TTTCAGTCAATACGAA","T.cells.Om"
"TTTCAGTGTTCATCTT","Mesothelial.cells.Om"
"TTTCATGCAGCTGTCG","Mesothelial.cells.Om"
"TTTCGATGTAACCCGC","Mesothelial.cells.Om"
